<?xml version="1.0" ?>
<Document serializeVersion="15">
    <InterfaceSettings canvasscale="4.87" canvasrect="-67.2485,-14.1684,557.906,329.363" canvasCenter="211.704,150.513" />
    <Drawing snapgrid="0" gridback="1" sheetmovecontent="1" measurementunits="5" guidesvisible="1" guideslocked="0" scalestrokeandeffects="0" issheetdependentrulers="1" marginsenabled="0" margins="0,0,0,0" bleedsenabled="0" bleeds="0,0,0,0" colorformat="0" effectsPpi="150">
        <Sheets count="1" activesheet="0">
            <_0 name="Sheet 1" bound="0,0,200,200" enabled="1" />
        </Sheets>
        <swatches>
            <colorpalette count="22">
                <_0 color="1,0.113725,0.145098,1" />
                <_1 color="1,0.576471,0.117647,1" />
                <_2 color="0.992157,0.752941,0.321569,1" />
                <_3 color="0.988235,0.933333,0.133333,1" />
                <_4 color="0.54902,0.776471,0.247059,1" />
                <_5 color="0,0.407843,0.215686,1" />
                <_6 color="0.133333,0.709804,0.45098,1" />
                <_7 color="0,0.654902,0.619608,1" />
                <_8 color="0.243137,0.662745,0.960784,1" />
                <_9 color="0,0.443137,0.733333,1" />
                <_10 color="0.219608,0.184314,0.576471,1" />
                <_11 color="0.4,0.176471,0.568627,1" />
                <_12 color="0.933333,0.145098,0.482353,1" />
                <_13 color="1,0.482353,0.67451,1" />
                <_14 color="0.780392,0.698039,0.6,1" />
                <_15 color="0.776471,0.615686,0.427451,1" />
                <_16 color="0.54902,0.384314,0.223529,1" />
                <_17 color="0.376471,0.219608,0.0745098,1" />
                <_18 color="0,0,0,1" />
                <_19 color="0.313726,0.313726,0.313726,1" />
                <_20 color="0.623529,0.623529,0.623529,1" />
                <_21 color="1,1,1,1" />
            </colorpalette>
            <gradientswatches count="22">
                <_0>
                    <gradientfiller startpoint="0.5,0" endpoint="0.5,1" middlepoint="0,0" gradientroundness="1" gradientstyle="0">
                        <gradient count="2">
                            <_0 color="1,0.87451,0.25098,1" colorlocation="0" />
                            <_1 color="1,0.431373,0.294118,1" colorlocation="1" />
                        </gradient>
                    </gradientfiller>
                </_0>
                <_1>
                    <gradientfiller startpoint="0,0.5" endpoint="1,0.5" middlepoint="0,0" gradientroundness="1" gradientstyle="0">
                        <gradient count="2">
                            <_0 color="0.329412,0.819608,0.411765,1" colorlocation="0" />
                            <_1 color="0.686275,0.960784,0.478431,1" colorlocation="1" />
                        </gradient>
                    </gradientfiller>
                </_1>
                <_2>
                    <gradientfiller startpoint="1,0" endpoint="0,1" middlepoint="0,0" gradientroundness="1" gradientstyle="0">
                        <gradient count="2">
                            <_0 color="0.27451,0.933333,0.666667,1" colorlocation="0" />
                            <_1 color="0.172549,0.74902,0.780392,1" colorlocation="1" />
                        </gradient>
                    </gradientfiller>
                </_2>
                <_3>
                    <gradientfiller startpoint="0.5,0" endpoint="0.5,1" middlepoint="0,0" gradientroundness="1" gradientstyle="0">
                        <gradient count="2">
                            <_0 color="0.0823529,0.929412,0.929412,1" colorlocation="0" />
                            <_1 color="0.00784314,0.611765,0.960784,1" colorlocation="1" />
                        </gradient>
                    </gradientfiller>
                </_3>
                <_4>
                    <gradientfiller startpoint="1,0.5" endpoint="0,0.5" middlepoint="0,0" gradientroundness="1" gradientstyle="0">
                        <gradient count="2">
                            <_0 color="0.34902,0.760784,1,1" colorlocation="0" />
                            <_1 color="0.0705882,0.439216,0.890196,1" colorlocation="1" />
                        </gradient>
                    </gradientfiller>
                </_4>
                <_5>
                    <gradientfiller startpoint="0,0.5" endpoint="1,0.5" middlepoint="0,0" gradientroundness="1" gradientstyle="0">
                        <gradient count="2">
                            <_0 color="0.329412,0.588235,1,1" colorlocation="0" />
                            <_1 color="0.529412,0.223529,0.898039,1" colorlocation="1" />
                        </gradient>
                    </gradientfiller>
                </_5>
                <_6>
                    <gradientfiller startpoint="0.5,0" endpoint="0.5,1" middlepoint="0,0" gradientroundness="1" gradientstyle="0">
                        <gradient count="2">
                            <_0 color="0.729412,0.32549,0.439216,1" colorlocation="0" />
                            <_1 color="0.952941,0.882353,0.843137,1" colorlocation="1" />
                        </gradient>
                    </gradientfiller>
                </_6>
                <_7>
                    <gradientfiller startpoint="0.5,0" endpoint="0.5,1" middlepoint="0,0" gradientroundness="1" gradientstyle="0">
                        <gradient count="2">
                            <_0 color="1,0.686275,0.741176,1" colorlocation="0" />
                            <_1 color="1,0.764706,0.627451,1" colorlocation="1" />
                        </gradient>
                    </gradientfiller>
                </_7>
                <_8>
                    <gradientfiller startpoint="0.5,0" endpoint="0.5,1" middlepoint="0,0" gradientroundness="1" gradientstyle="0">
                        <gradient count="2">
                            <_0 color="0.964706,0.792157,0.92549,1" colorlocation="0" />
                            <_1 color="0.85098,0.227451,0.803922,1" colorlocation="1" />
                        </gradient>
                    </gradientfiller>
                </_8>
                <_9>
                    <gradientfiller startpoint="1,0" endpoint="0,1" middlepoint="0,0" gradientroundness="1" gradientstyle="0">
                        <gradient count="2">
                            <_0 color="1,0.388235,0.870588,1" colorlocation="0" />
                            <_1 color="0.694118,0.133333,0.898039,1" colorlocation="1" />
                        </gradient>
                    </gradientfiller>
                </_9>
                <_10>
                    <gradientfiller startpoint="0.5,1" endpoint="0.5,0" middlepoint="0,0" gradientroundness="1" gradientstyle="0">
                        <gradient count="2">
                            <_0 color="1,0.486275,0.431373,1" colorlocation="0" />
                            <_1 color="0.960784,0.192157,0.498039,1" colorlocation="1" />
                        </gradient>
                    </gradientfiller>
                </_10>
                <_11>
                    <gradientfiller startpoint="1,0" endpoint="0,1" middlepoint="0,0" gradientroundness="1" gradientstyle="0">
                        <gradient count="2">
                            <_0 color="0.941176,0.372549,0.396078,1" colorlocation="0" />
                            <_1 color="0.603922,0.0823529,0.462745,1" colorlocation="1" />
                        </gradient>
                    </gradientfiller>
                </_11>
                <_12>
                    <gradientfiller startpoint="0.5,1" endpoint="0.5,0" middlepoint="0,0" gradientroundness="1" gradientstyle="0">
                        <gradient count="2">
                            <_0 color="0.94902,0.305882,0.364706,1" colorlocation="0" />
                            <_1 color="0.647059,0.0352941,0.121569,1" colorlocation="1" />
                        </gradient>
                    </gradientfiller>
                </_12>
                <_13>
                    <gradientfiller startpoint="0.5,0" endpoint="0.5,1" middlepoint="0,0" gradientroundness="1" gradientstyle="0">
                        <gradient count="2">
                            <_0 color="0.890196,0.792157,0.490196,1" colorlocation="0" />
                            <_1 color="0.329412,0.0745098,0.839216,1" colorlocation="1" />
                        </gradient>
                    </gradientfiller>
                </_13>
                <_14>
                    <gradientfiller startpoint="0.5,0" endpoint="0.5,1" middlepoint="0,0" gradientroundness="1" gradientstyle="0">
                        <gradient count="2">
                            <_0 color="1,1,1,1" colorlocation="0" />
                            <_1 color="0.764706,0.764706,0.764706,1" colorlocation="1" />
                        </gradient>
                    </gradientfiller>
                </_14>
                <_15>
                    <gradientfiller startpoint="0.5,0" endpoint="0.5,1" middlepoint="0,0" gradientroundness="1" gradientstyle="0">
                        <gradient count="2">
                            <_0 color="0.74902,0.74902,0.74902,1" colorlocation="0" />
                            <_1 color="0.454902,0.454902,0.454902,1" colorlocation="1" />
                        </gradient>
                    </gradientfiller>
                </_15>
                <_16>
                    <gradientfiller startpoint="0.5,0" endpoint="0.5,1" middlepoint="0,0" gradientroundness="1" gradientstyle="0">
                        <gradient count="2">
                            <_0 color="0.290196,0.290196,0.290196,1" colorlocation="0" />
                            <_1 color="0,0,0,1" colorlocation="1" />
                        </gradient>
                    </gradientfiller>
                </_16>
                <_17>
                    <gradientfiller startpoint="0.5,0.5" endpoint="1.2,0.5" middlepoint="0,0" gradientroundness="1" gradientstyle="1">
                        <gradient count="2">
                            <_0 color="0.992157,0.823529,0.0980392,1" colorlocation="0" />
                            <_1 color="0.94902,0.427451,0.0588235,1" colorlocation="1" />
                        </gradient>
                    </gradientfiller>
                </_17>
                <_18>
                    <gradientfiller startpoint="0.5,0.5" endpoint="1.2,0.5" middlepoint="0,0" gradientroundness="1" gradientstyle="1">
                        <gradient count="2">
                            <_0 color="0.313726,0.87451,0.901961,1" colorlocation="0" />
                            <_1 color="0.152941,0.309804,0.776471,1" colorlocation="1" />
                        </gradient>
                    </gradientfiller>
                </_18>
                <_19>
                    <gradientfiller startpoint="0.5,0.5" endpoint="0.5,1" middlepoint="0,0" gradientroundness="1" gradientstyle="1">
                        <gradient count="2">
                            <_0 color="0.462745,0.929412,0.643137,1" colorlocation="0" />
                            <_1 color="0.227451,0.6,0.666667,1" colorlocation="1" />
                        </gradient>
                    </gradientfiller>
                </_19>
                <_20>
                    <gradientfiller startpoint="0.5,0" endpoint="0.5,1" middlepoint="0,0" gradientroundness="1" gradientstyle="0">
                        <gradient count="2">
                            <_0 color="1,1,1,1" colorlocation="0" />
                            <_1 color="1,1,1,0" colorlocation="1" />
                        </gradient>
                    </gradientfiller>
                </_20>
                <_21>
                    <gradientfiller startpoint="0.5,0.5" endpoint="0.5,1.5" middlepoint="0,0" gradientroundness="1" gradientstyle="1">
                        <gradient count="2">
                            <_0 color="0,0,0,0" colorlocation="0" />
                            <_1 color="0,0,0,1" colorlocation="1" />
                        </gradient>
                    </gradientfiller>
                </_21>
            </gradientswatches>
            <ellipticbrushwatches count="6">
                <_0 brush="3.14159,0.2" />
                <_1 brush="1.5708,0.3" />
                <_2 brush="1.0472,0.4" />
                <_3 brush="0.785398,0.8" />
                <_4 brush="1.5708,0.6" />
                <_5 brush="0.523599,0.2" />
            </ellipticbrushwatches>
            <strokeprofiles count="5">
                <_0 />
                <_1>
                    <strokeprofile spplaces="0,1" sprightradius="1,0" spleftradius="1,0" />
                </_1>
                <_2>
                    <strokeprofile spplaces="0,0.5,1" sprightradius="1,0,1" spleftradius="1,0,1" />
                </_2>
                <_3>
                    <strokeprofile spplaces="0,0.5,1" sprightradius="0,1,0" spleftradius="0,1,0" />
                </_3>
                <_4>
                    <strokeprofile spplaces="0,0.2,0.8,1" sprightradius="0,1,1,0" spleftradius="0,1,1,0" />
                </_4>
            </strokeprofiles>
        </swatches>
        <Grid size="100,100" subdivisionx="10" subdivisiony="10" color="0.5,0.5,0.5,0.5" visible="0" />
        <Objects count="1" activelayer="0">
            <_0 class="Layer" GUID="{75dba825-63ee-c944-a550-50fffa79884e}" name="Layer 1" visible="1" printable="1" locked="0" opacity="1" blendmode="0" unfolded="1" selectioncolor="0.19,0.55,1,1">
                <Objects count="1">
                    <_0 class="PathShape" GUID="{a389ec8c-09b7-2545-a418-cc4d9d7dafe7}" name="Gear 1" visible="1" printable="1" locked="0" opacity="1" blendmode="0" unfolded="0" ctm="(199.9962276060155,0, 0,199.9999876607242, 0.001889959603064107,5.758698991442654e-06)" pivotPoint="0.5,0.5" d="M 0.301859856 0.847038329 C 0.332294941 0.864405572 0.365223795 0.877905607 0.3999874 0.886842668 C 0.3999874 0.886842668 0.3999874 1 0.3999874 1 C 0.3999874 1 0.599946499 1 0.599946499 1 C 0.599946499 1 0.599946499 0.886827946 0.599946499 0.886827946 C 0.635787129 0.877596378 0.669678152 0.86357671 0.700898349 0.845411122 C 0.700898349 0.845411122 0.78262502 0.927136242 0.78262502 0.927136242 C 0.78262502 0.927136242 0.924017608 0.785746813 0.924017608 0.785746813 C 0.924017608 0.785746813 0.843140185 0.70487088 0.843140185 0.70487088 C 0.862428427 0.672532022 0.877287447 0.637241244 0.886881232 0.599866033 C 0.886881232 0.599866033 1 0.599866033 1 0.599866033 C 1 0.599866033 1 0.399910718 1 0.399910718 C 1 0.399910718 0.88686192 0.399910718 0.88686192 0.399910718 C 0.877334237 0.362861484 0.862659335 0.327930719 0.843614101 0.295866966 C 0.843614101 0.295866966 0.924017608 0.215464994 0.924017608 0.215464994 C 0.924017608 0.215464994 0.78262502 0.0740750507 0.78262502 0.0740750507 C 0.78262502 0.0740750507 0.701729298 0.15496926 0.701729298 0.15496926 C 0.670287371 0.136584997 0.636103451 0.122369528 0.599946499 0.113064758 C 0.599946499 0.113064758 0.599946499 0 0.599946499 0 C 0.599946499 0 0.3999874 0 0.3999874 0 C 0.3999874 0 0.3999874 0.113067813 0.3999874 0.113067813 C 0.364914596 0.12209747 0.33171013 0.135750532 0.301034033 0.15334864 C 0.301034033 0.15334864 0.221759468 0.0740750507 0.221759468 0.0740750507 C 0.221759468 0.0740750507 0.195084423 0.100750104 0.195084423 0.100750104 C 0.195084423 0.100750104 0.194312483 0.0999776796 0.194312483 0.0999776796 C 0.194312483 0.0999776796 0.100048713 0.194235608 0.100048713 0.194235608 C 0.100048713 0.194235608 0.100822687 0.195010066 0.100822687 0.195010066 C 0.100822687 0.195010066 0.0803668648 0.215464994 0.0803668648 0.215464994 C 0.0803668648 0.215464994 0.158003986 0.293100148 0.158003986 0.293100148 C 0.138132975 0.325934798 0.122890525 0.361821055 0.113087229 0.399910718 C 0.113087229 0.399910718 0 0.399910718 0 0.399910718 C 0 0.399910718 0 0.599866033 0 0.599866033 C 0 0.599866033 0.113057733 0.599866033 0.113057733 0.599866033 C 0.122945443 0.638304532 0.13838622 0.674519777 0.158509463 0.70760566 C 0.158509463 0.70760566 0.0803668648 0.785746813 0.0803668648 0.785746813 C 0.0803668648 0.785746813 0.106170312 0.811549246 0.106170312 0.811549246 C 0.106170312 0.811549246 0.19417417 0.899799109 0.19417417 0.899799109 C 0.19417417 0.899799109 0.194298238 0.899675488 0.194298238 0.899675488 C 0.194298238 0.899675488 0.221759468 0.927136242 0.221759468 0.927136242 C 0.221759468 0.927136242 0.301859856 0.847038329 0.301859856 0.847038329 Z M 0.499969989 0.699937284 C 0.389577925 0.699937284 0.299986482 0.610410571 0.299986482 0.499955505 C 0.299986482 0.389500439 0.389577925 0.299975753 0.499969989 0.299975753 C 0.610362053 0.299975753 0.699953496 0.389500439 0.699953496 0.499955505 C 0.699953496 0.610410571 0.610362053 0.699937284 0.499969989 0.699937284 Z " autoclosed="0" handlesArray="F1 M 0.301859856 0.847038329 L 0.301859856 0.847038329 M 0.499969989 0.699937284 L 0.499969989 0.699937284 ">
                        <drawers count="2">
                            <_0 class="0" name="Stroke" enabled="0" opacity="1" blendmode="0" fillmode="0" stroke="1" salign="0" smode="0">
                                <solidfiller fill="0,0,0,1" />
                                <gradientfiller startpoint="0,0.5" endpoint="1,0.5" middlepoint="0,0" gradientroundness="1" gradientstyle="0">
                                    <gradient count="2">
                                        <_0 color="0,0,0,1" colorlocation="0" />
                                        <_1 color="1,0,0,1" colorlocation="1" />
                                    </gradient>
                                </gradientfiller>
                                <pdfShadingFiller ignoreBackground="0" ctm="(1,0, 0,1, 0,0)" />
                                <style linecapstyle="0" linejoinstyle="0" flatness="0.1" miterlimit="10" linedashphase="0" />
                                <arrows startarrowstyle="0" startarrowscale="1" endarrowstyle="0" endarrowscale="1" />
                                <brush angle="0.785398" roundness="0.333333" />
                            </_0>
                            <_1 class="1" name="Fill" enabled="1" opacity="1" blendmode="0" fillmode="0" winding="0">
                                <solidfiller fill="0.0627451,0.0627451,0.0627451,1" />
                                <gradientfiller startpoint="0,0.5" endpoint="1,0.5" middlepoint="0,0" gradientroundness="1" gradientstyle="0">
                                    <gradient count="2">
                                        <_0 color="0,0,0,1" colorlocation="0" />
                                        <_1 color="1,0,0,1" colorlocation="1" />
                                    </gradient>
                                </gradientfiller>
                                <pdfShadingFiller ignoreBackground="0" ctm="(1,0, 0,1, 0,0)" />
                            </_1>
                        </drawers>
                    </_0>
                </Objects>
            </_0>
        </Objects>
    </Drawing>
</Document>
